id,name,province_id/id
nstda_ccsc_m_eamphur_1,อ.เชียงดาว,res_country_state_65
nstda_ccsc_m_eamphur_2,อ.เมืองเชียงใหม่,res_country_state_65
nstda_ccsc_m_eamphur_3,อ.เวียงแหง,res_country_state_65
nstda_ccsc_m_eamphur_4,อ.แม่แจ่ม,res_country_state_65
nstda_ccsc_m_eamphur_5,อ.แม่แตง,res_country_state_65
nstda_ccsc_m_eamphur_6,อ.แม่ริม,res_country_state_65
nstda_ccsc_m_eamphur_7,อ.แม่วาง,res_country_state_65
nstda_ccsc_m_eamphur_8,อ.แม่ออน,res_country_state_65
nstda_ccsc_m_eamphur_9,อ.แม่อาย,res_country_state_65
nstda_ccsc_m_eamphur_10,อ.ไชยปราการ,res_country_state_65
nstda_ccsc_m_eamphur_11,อ.กัลยาณิวัฒนา,res_country_state_65
nstda_ccsc_m_eamphur_12,อ.จอมทอง,res_country_state_65
nstda_ccsc_m_eamphur_13,อ.ดอยเต่า,res_country_state_65
nstda_ccsc_m_eamphur_14,อ.ดอยสะเก็ด,res_country_state_65
nstda_ccsc_m_eamphur_15,อ.ดอยหล่อ,res_country_state_65
nstda_ccsc_m_eamphur_16,อ.ฝาง,res_country_state_65
nstda_ccsc_m_eamphur_17,อ.พร้าว,res_country_state_65
nstda_ccsc_m_eamphur_18,อ.สะเมิง,res_country_state_65
nstda_ccsc_m_eamphur_19,อ.สันกำแพง,res_country_state_65
nstda_ccsc_m_eamphur_20,อ.สันทราย,res_country_state_65
nstda_ccsc_m_eamphur_21,อ.สันป่าตอง,res_country_state_65
nstda_ccsc_m_eamphur_22,อ.สารภี,res_country_state_65
nstda_ccsc_m_eamphur_23,อ.หางดง,res_country_state_65
nstda_ccsc_m_eamphur_24,อ.อมก๋อย,res_country_state_65
nstda_ccsc_m_eamphur_25,อ.ฮอด,res_country_state_65
nstda_ccsc_m_eamphur_26,อ.เชียงแสน,res_country_state_64
nstda_ccsc_m_eamphur_27,อ.เชียงของ,res_country_state_64
nstda_ccsc_m_eamphur_28,อ.เทิง,res_country_state_64
nstda_ccsc_m_eamphur_29,อ.เมืองเชียงราย,res_country_state_64
nstda_ccsc_m_eamphur_30,อ.เวียงเชียงรุ้ง,res_country_state_64
nstda_ccsc_m_eamphur_31,อ.เวียงแก่น,res_country_state_64
nstda_ccsc_m_eamphur_32,อ.เวียงชัย,res_country_state_64
nstda_ccsc_m_eamphur_33,อ.เวียงป่าเป้า,res_country_state_64
nstda_ccsc_m_eamphur_34,อ.แม่จัน,res_country_state_64
nstda_ccsc_m_eamphur_35,อ.แม่ฟ้าหลวง,res_country_state_64
nstda_ccsc_m_eamphur_36,อ.แม่ลาว,res_country_state_64
nstda_ccsc_m_eamphur_37,อ.แม่สรวย,res_country_state_64
nstda_ccsc_m_eamphur_38,อ.แม่สาย,res_country_state_64
nstda_ccsc_m_eamphur_39,อ.ขุนตาล,res_country_state_64
nstda_ccsc_m_eamphur_40,อ.ดอยหลวง,res_country_state_64
nstda_ccsc_m_eamphur_41,อ.ป่าแดด,res_country_state_64
nstda_ccsc_m_eamphur_42,อ.พญาเม็งราย,res_country_state_64
nstda_ccsc_m_eamphur_43,อ.พาน,res_country_state_64
nstda_ccsc_m_eamphur_44,อ.เขาย้อย,res_country_state_90
nstda_ccsc_m_eamphur_45,อ.เมืองเพชรบุรี,res_country_state_90
nstda_ccsc_m_eamphur_46,อ.แก่งกระจาน,res_country_state_90
nstda_ccsc_m_eamphur_47,อ.ชะอำ,res_country_state_90
nstda_ccsc_m_eamphur_48,อ.ท่ายาง,res_country_state_90
nstda_ccsc_m_eamphur_49,อ.บ้านแหลม,res_country_state_90
nstda_ccsc_m_eamphur_50,อ.บ้านลาด,res_country_state_90
nstda_ccsc_m_eamphur_51,อ.หนองหญ้าปล้อง,res_country_state_90
nstda_ccsc_m_eamphur_52,อ.เขาค้อ,res_country_state_91
nstda_ccsc_m_eamphur_53,อ.เมืองเพชรบูรณ์,res_country_state_91
nstda_ccsc_m_eamphur_54,อ.ชนแดน,res_country_state_91
nstda_ccsc_m_eamphur_55,อ.น้ำหนาว,res_country_state_91
nstda_ccsc_m_eamphur_56,อ.บึงสามพัน,res_country_state_91
nstda_ccsc_m_eamphur_57,อ.วังโป่ง,res_country_state_91
nstda_ccsc_m_eamphur_58,อ.วิเชียรบุรี,res_country_state_91
nstda_ccsc_m_eamphur_59,อ.ศรีเทพ,res_country_state_91
nstda_ccsc_m_eamphur_60,อ.หนองไผ่,res_country_state_91
nstda_ccsc_m_eamphur_61,อ.หล่มเก่า,res_country_state_91
nstda_ccsc_m_eamphur_62,อ.หล่มสัก,res_country_state_91
nstda_ccsc_m_eamphur_63,อ.เชียงคาน,res_country_state_106
nstda_ccsc_m_eamphur_64,อ.เมืองเลย,res_country_state_106
nstda_ccsc_m_eamphur_65,อ.เอราวัณ,res_country_state_106
nstda_ccsc_m_eamphur_66,อ.ด่านซ้าย,res_country_state_106
nstda_ccsc_m_eamphur_67,อ.ท่าลี่,res_country_state_106
nstda_ccsc_m_eamphur_68,อ.นาแห้ว,res_country_state_106
nstda_ccsc_m_eamphur_69,อ.นาด้วง,res_country_state_106
nstda_ccsc_m_eamphur_70,อ.ปากชม,res_country_state_106
nstda_ccsc_m_eamphur_71,อ.ผาขาว,res_country_state_106
nstda_ccsc_m_eamphur_72,อ.ภูเรือ,res_country_state_106
nstda_ccsc_m_eamphur_73,อ.ภูกระดึง,res_country_state_106
nstda_ccsc_m_eamphur_74,อ.ภูหลวง,res_country_state_106
nstda_ccsc_m_eamphur_75,อ.วังสะพุง,res_country_state_106
nstda_ccsc_m_eamphur_76,อ.หนองหิน,res_country_state_106
nstda_ccsc_m_eamphur_77,อ.เด่นชัย,res_country_state_92
nstda_ccsc_m_eamphur_78,อ.เมืองแพร่,res_country_state_92
nstda_ccsc_m_eamphur_79,อ.ร้องกวาง,res_country_state_92
nstda_ccsc_m_eamphur_80,อ.ลอง,res_country_state_92
nstda_ccsc_m_eamphur_81,อ.วังชิ้น,res_country_state_92
nstda_ccsc_m_eamphur_82,อ.สอง,res_country_state_92
nstda_ccsc_m_eamphur_83,อ.สูงเม่น,res_country_state_92
nstda_ccsc_m_eamphur_84,อ.หนองม่วงไข่,res_country_state_92
nstda_ccsc_m_eamphur_85,อ.เมืองแม่ฮ่องสอน,res_country_state_96
nstda_ccsc_m_eamphur_86,อ.แม่ลาน้อย,res_country_state_96
nstda_ccsc_m_eamphur_87,อ.แม่สะเรียง,res_country_state_96
nstda_ccsc_m_eamphur_88,อ.ขุนยวม,res_country_state_96
nstda_ccsc_m_eamphur_89,อ.ปางมะผ้า,res_country_state_96
nstda_ccsc_m_eamphur_90,อ.ปาย,res_country_state_96
nstda_ccsc_m_eamphur_91,อ.สบเมย,res_country_state_96
nstda_ccsc_m_eamphur_92,อ.เกาะลันตา,res_country_state_53
nstda_ccsc_m_eamphur_93,อ.เขาพนม,res_country_state_53
nstda_ccsc_m_eamphur_94,อ.เมืองกระบี่,res_country_state_53
nstda_ccsc_m_eamphur_95,อ.เหนือคลอง,res_country_state_53
nstda_ccsc_m_eamphur_96,อ.คลองท่อม,res_country_state_53
nstda_ccsc_m_eamphur_97,อ.ปลายพระยา,res_country_state_53
nstda_ccsc_m_eamphur_98,อ.ลำทับ,res_country_state_53
nstda_ccsc_m_eamphur_99,อ.อ่าวลึก,res_country_state_53
nstda_ccsc_m_eamphur_100,เขตคลองเตย,res_country_state_52
nstda_ccsc_m_eamphur_101,เขตคลองสาน,res_country_state_52
nstda_ccsc_m_eamphur_102,เขตคลองสามวา,res_country_state_52
nstda_ccsc_m_eamphur_103,เขตคันนายาว,res_country_state_52
nstda_ccsc_m_eamphur_104,เขตจตุจักร,res_country_state_52
nstda_ccsc_m_eamphur_105,เขตจอมทอง,res_country_state_52
nstda_ccsc_m_eamphur_106,เขตดอนเมือง,res_country_state_52
nstda_ccsc_m_eamphur_107,เขตดินแดง,res_country_state_52
nstda_ccsc_m_eamphur_108,เขตดุสิต,res_country_state_52
nstda_ccsc_m_eamphur_109,เขตตลิ่งชัน,res_country_state_52
nstda_ccsc_m_eamphur_110,เขตทวีวัฒนา,res_country_state_52
nstda_ccsc_m_eamphur_111,เขตทุ่งครุ,res_country_state_52
nstda_ccsc_m_eamphur_112,เขตธนบุรี,res_country_state_52
nstda_ccsc_m_eamphur_113,เขตบางเขน,res_country_state_52
nstda_ccsc_m_eamphur_114,เขตบางแค,res_country_state_52
nstda_ccsc_m_eamphur_115,เขตบางกอกใหญ่,res_country_state_52
nstda_ccsc_m_eamphur_116,เขตบางกอกน้อย,res_country_state_52
nstda_ccsc_m_eamphur_117,เขตบางกะปิ,res_country_state_52
nstda_ccsc_m_eamphur_118,เขตบางขุนเทียน,res_country_state_52
nstda_ccsc_m_eamphur_119,เขตบางคอแหลม,res_country_state_52
nstda_ccsc_m_eamphur_120,เขตบางซื่อ,res_country_state_52
nstda_ccsc_m_eamphur_121,เขตบางนา,res_country_state_52
nstda_ccsc_m_eamphur_122,เขตบางบอน,res_country_state_52
nstda_ccsc_m_eamphur_123,เขตบางพลัด,res_country_state_52
nstda_ccsc_m_eamphur_124,เขตบางรัก,res_country_state_52
nstda_ccsc_m_eamphur_125,เขตบึงกุ่ม,res_country_state_52
nstda_ccsc_m_eamphur_126,เขตปทุมวัน,res_country_state_52
nstda_ccsc_m_eamphur_127,เขตประเวศ,res_country_state_52
nstda_ccsc_m_eamphur_128,เขตป้อมปราบศัตรูพ่าย,res_country_state_52
nstda_ccsc_m_eamphur_129,เขตพญาไท,res_country_state_52
nstda_ccsc_m_eamphur_130,เขตพระโขนง,res_country_state_52
nstda_ccsc_m_eamphur_131,เขตพระนคร,res_country_state_52
nstda_ccsc_m_eamphur_132,เขตภาษีเจริญ,res_country_state_52
nstda_ccsc_m_eamphur_133,เขตมีนบุรี,res_country_state_52
nstda_ccsc_m_eamphur_134,เขตยานนาวา,res_country_state_52
nstda_ccsc_m_eamphur_135,เขตราชเทวี,res_country_state_52
nstda_ccsc_m_eamphur_136,เขตราษฎร์บูรณะ,res_country_state_52
nstda_ccsc_m_eamphur_137,เขตลาดกระบัง,res_country_state_52
nstda_ccsc_m_eamphur_138,เขตลาดพร้าว,res_country_state_52
nstda_ccsc_m_eamphur_139,เขตวังทองหลาง,res_country_state_52
nstda_ccsc_m_eamphur_140,เขตวัฒนา,res_country_state_52
nstda_ccsc_m_eamphur_141,เขตสวนหลวง,res_country_state_52
nstda_ccsc_m_eamphur_142,เขตสะพานสูง,res_country_state_52
nstda_ccsc_m_eamphur_143,เขตสัมพันธวงศ์,res_country_state_52
nstda_ccsc_m_eamphur_144,เขตสาทร,res_country_state_52
nstda_ccsc_m_eamphur_145,เขตสายไหม,res_country_state_52
nstda_ccsc_m_eamphur_146,เขตหนองแขม,res_country_state_52
nstda_ccsc_m_eamphur_147,เขตหนองจอก,res_country_state_52
nstda_ccsc_m_eamphur_148,เขตหลักสี่,res_country_state_52
nstda_ccsc_m_eamphur_149,เขตห้วยขวาง,res_country_state_52
nstda_ccsc_m_eamphur_150,อ.เมืองกาญจนบุรี,res_country_state_54
nstda_ccsc_m_eamphur_151,อ.เลาขวัญ,res_country_state_54
nstda_ccsc_m_eamphur_152,อ.ไทรโยค,res_country_state_54
nstda_ccsc_m_eamphur_153,อ.ด่านมะขามเตี้ย,res_country_state_54
nstda_ccsc_m_eamphur_154,อ.ทองผาภูมิ,res_country_state_54
nstda_ccsc_m_eamphur_155,อ.ท่าม่วง,res_country_state_54
nstda_ccsc_m_eamphur_156,อ.ท่ามะกา,res_country_state_54
nstda_ccsc_m_eamphur_157,อ.บ่อพลอย,res_country_state_54
nstda_ccsc_m_eamphur_158,อ.พนมทวน,res_country_state_54
nstda_ccsc_m_eamphur_159,อ.ศรีสวัสดิ์,res_country_state_54
nstda_ccsc_m_eamphur_160,อ.สังขละบุรี,res_country_state_54
nstda_ccsc_m_eamphur_161,อ.หนองปรือ,res_country_state_54
nstda_ccsc_m_eamphur_162,อ.ห้วยกระเจา,res_country_state_54
nstda_ccsc_m_eamphur_163,อ.เขาวง,res_country_state_55
nstda_ccsc_m_eamphur_164,อ.เมืองกาฬสินธุ์,res_country_state_55
nstda_ccsc_m_eamphur_165,อ.กมลาไสย,res_country_state_55
nstda_ccsc_m_eamphur_166,อ.กุฉินารายณ์,res_country_state_55
nstda_ccsc_m_eamphur_167,อ.คำม่วง,res_country_state_55
nstda_ccsc_m_eamphur_168,อ.ฆ้องชัย,res_country_state_55
nstda_ccsc_m_eamphur_169,อ.ดอนจาน,res_country_state_55
nstda_ccsc_m_eamphur_170,อ.ท่าคันโท,res_country_state_55
nstda_ccsc_m_eamphur_171,อ.นาคู,res_country_state_55
nstda_ccsc_m_eamphur_172,อ.นามน,res_country_state_55
nstda_ccsc_m_eamphur_173,อ.ยางตลาด,res_country_state_55
nstda_ccsc_m_eamphur_174,อ.ร่องคำ,res_country_state_55
nstda_ccsc_m_eamphur_175,อ.สมเด็จ,res_country_state_55
nstda_ccsc_m_eamphur_176,อ.สหัสขันธ์,res_country_state_55
nstda_ccsc_m_eamphur_177,อ.สามชัย,res_country_state_55
nstda_ccsc_m_eamphur_178,อ.หนองกุงศรี,res_country_state_55
nstda_ccsc_m_eamphur_179,อ.ห้วยเม็ก,res_country_state_55
nstda_ccsc_m_eamphur_180,อ.ห้วยผึ้ง,res_country_state_55
nstda_ccsc_m_eamphur_181,อ.เมืองกำแพงเพชร,res_country_state_56
nstda_ccsc_m_eamphur_182,อ.โกสัมพีนคร,res_country_state_56
nstda_ccsc_m_eamphur_183,อ.ไทรงาม,res_country_state_56
nstda_ccsc_m_eamphur_184,อ.ขาณุวรลักษบุรี,res_country_state_56
nstda_ccsc_m_eamphur_185,อ.คลองขลุง,res_country_state_56
nstda_ccsc_m_eamphur_186,อ.คลองลาน,res_country_state_56
nstda_ccsc_m_eamphur_187,อ.ทรายทองวัฒนา,res_country_state_56
nstda_ccsc_m_eamphur_188,อ.บึงสามัคคี,res_country_state_56
nstda_ccsc_m_eamphur_189,อ.ปางศิลาทอง,res_country_state_56
nstda_ccsc_m_eamphur_190,อ.พรานกระต่าย,res_country_state_56
nstda_ccsc_m_eamphur_191,อ.ลานกระบือ,res_country_state_56
nstda_ccsc_m_eamphur_192,อ.เขาสวนกวาง,res_country_state_57
nstda_ccsc_m_eamphur_193,อ.เปือยน้อย,res_country_state_57
nstda_ccsc_m_eamphur_194,อ.เมืองขอนแก่น,res_country_state_57
nstda_ccsc_m_eamphur_195,อ.เวียงเก่า,res_country_state_57
nstda_ccsc_m_eamphur_196,อ.แวงใหญ่,res_country_state_57
nstda_ccsc_m_eamphur_197,อ.แวงน้อย,res_country_state_57
nstda_ccsc_m_eamphur_198,อ.โคกโพธิ์ไชย,res_country_state_57
nstda_ccsc_m_eamphur_199,อ.โนนศิลา,res_country_state_57
nstda_ccsc_m_eamphur_200,อ.กระนวน,res_country_state_57
nstda_ccsc_m_eamphur_201,อ.ชนบท,res_country_state_57
nstda_ccsc_m_eamphur_202,อ.ชุมแพ,res_country_state_57
nstda_ccsc_m_eamphur_203,อ.ซำสูง,res_country_state_57
nstda_ccsc_m_eamphur_204,อ.น้ำพอง,res_country_state_57
nstda_ccsc_m_eamphur_205,อ.บ้านแฮด,res_country_state_57
nstda_ccsc_m_eamphur_206,อ.บ้านไผ่,res_country_state_57
nstda_ccsc_m_eamphur_207,อ.บ้านฝาง,res_country_state_57
nstda_ccsc_m_eamphur_208,อ.พระยืน,res_country_state_57
nstda_ccsc_m_eamphur_209,อ.พล,res_country_state_57
nstda_ccsc_m_eamphur_210,อ.ภูเวียง,res_country_state_57
nstda_ccsc_m_eamphur_211,อ.ภูผาม่าน,res_country_state_57
nstda_ccsc_m_eamphur_212,อ.มัญจาคีรี,res_country_state_57
nstda_ccsc_m_eamphur_213,อ.สีชมพู,res_country_state_57
nstda_ccsc_m_eamphur_214,อ.หนองเรือ,res_country_state_57
nstda_ccsc_m_eamphur_215,อ.หนองนาคำ,res_country_state_57
nstda_ccsc_m_eamphur_216,อ.หนองสองห้อง,res_country_state_57
nstda_ccsc_m_eamphur_217,อ.อุบลรัตน์,res_country_state_57
nstda_ccsc_m_eamphur_218,อ.เขาคิชฌกูฏ,res_country_state_58
nstda_ccsc_m_eamphur_219,อ.เมืองจันทบุรี,res_country_state_58
nstda_ccsc_m_eamphur_220,อ.แก่งหางแมว,res_country_state_58
nstda_ccsc_m_eamphur_221,อ.แหลมสิงห์,res_country_state_58
nstda_ccsc_m_eamphur_222,อ.โป่งน้ำร้อน,res_country_state_58
nstda_ccsc_m_eamphur_223,อ.ขลุง,res_country_state_58
nstda_ccsc_m_eamphur_224,อ.ท่าใหม่,res_country_state_58
nstda_ccsc_m_eamphur_225,อ.นายายอาม,res_country_state_58
nstda_ccsc_m_eamphur_226,อ.มะขาม,res_country_state_58
nstda_ccsc_m_eamphur_227,อ.สอยดาว,res_country_state_58
nstda_ccsc_m_eamphur_228,อ.เมืองฉะเชิงเทรา,res_country_state_59
nstda_ccsc_m_eamphur_229,อ.แปลงยาว,res_country_state_59
nstda_ccsc_m_eamphur_230,อ.คลองเขื่อน,res_country_state_59
nstda_ccsc_m_eamphur_231,อ.ท่าตะเกียบ,res_country_state_59
nstda_ccsc_m_eamphur_232,อ.บางคล้า,res_country_state_59
nstda_ccsc_m_eamphur_233,อ.บางน้ำเปรี้ยว,res_country_state_59
nstda_ccsc_m_eamphur_234,อ.บางปะกง,res_country_state_59
nstda_ccsc_m_eamphur_235,อ.บ้านโพธิ์,res_country_state_59
nstda_ccsc_m_eamphur_236,อ.พนมสารคาม,res_country_state_59
nstda_ccsc_m_eamphur_237,อ.ราชสาส์น,res_country_state_59
nstda_ccsc_m_eamphur_238,อ.สนามชัย,res_country_state_59
nstda_ccsc_m_eamphur_239,อ.เกาะจันทร์,res_country_state_60
nstda_ccsc_m_eamphur_240,อ.เกาะสีชัง,res_country_state_60
nstda_ccsc_m_eamphur_241,อ.เมืองชลบุรี,res_country_state_60
nstda_ccsc_m_eamphur_242,อ.บ่อทอง,res_country_state_60
nstda_ccsc_m_eamphur_243,อ.บางละมุง,res_country_state_60
nstda_ccsc_m_eamphur_244,อ.บ้านบึง,res_country_state_60
nstda_ccsc_m_eamphur_245,อ.พนัสนิคม,res_country_state_60
nstda_ccsc_m_eamphur_246,อ.พานทอง,res_country_state_60
nstda_ccsc_m_eamphur_247,อ.ศรีราชา,res_country_state_60
nstda_ccsc_m_eamphur_248,อ.สัตหีบ,res_country_state_60
nstda_ccsc_m_eamphur_249,อ.หนองใหญ่,res_country_state_60
nstda_ccsc_m_eamphur_250,อ.เนินขาม,res_country_state_61
nstda_ccsc_m_eamphur_251,อ.เมืองชัยนาท,res_country_state_61
nstda_ccsc_m_eamphur_252,อ.มโนรมย์,res_country_state_61
nstda_ccsc_m_eamphur_253,อ.วัดสิงห์,res_country_state_61
nstda_ccsc_m_eamphur_254,อ.สรรคบุรี,res_country_state_61
nstda_ccsc_m_eamphur_255,อ.สรรพยา,res_country_state_61
nstda_ccsc_m_eamphur_256,อ.หนองมะโมง,res_country_state_61
nstda_ccsc_m_eamphur_257,อ.หันคา,res_country_state_61
nstda_ccsc_m_eamphur_258,อ.เกษตรสมบูรณ์,res_country_state_62
nstda_ccsc_m_eamphur_259,อ.เทพสถิต,res_country_state_62
nstda_ccsc_m_eamphur_260,อ.เนินสง่า,res_country_state_62
nstda_ccsc_m_eamphur_261,อ.เมืองชัยภูมิ,res_country_state_62
nstda_ccsc_m_eamphur_262,อ.แก้งคร้อ,res_country_state_62
nstda_ccsc_m_eamphur_263,อ.คอนสวรรค์,res_country_state_62
nstda_ccsc_m_eamphur_264,อ.คอนสาร,res_country_state_62
nstda_ccsc_m_eamphur_265,อ.จัตุรัส,res_country_state_62
nstda_ccsc_m_eamphur_266,อ.ซับใหญ่,res_country_state_62
nstda_ccsc_m_eamphur_267,อ.บ้านเขว้า,res_country_state_62
nstda_ccsc_m_eamphur_268,อ.บ้านแท่น,res_country_state_62
nstda_ccsc_m_eamphur_269,อ.บำเหน็จณรงค์,res_country_state_62
nstda_ccsc_m_eamphur_270,อ.ภักดีชุมพล,res_country_state_62
nstda_ccsc_m_eamphur_271,อ.ภูเขียว,res_country_state_62
nstda_ccsc_m_eamphur_272,อ.หนองบัวแดง,res_country_state_62
nstda_ccsc_m_eamphur_273,อ.หนองบัวระเหว,res_country_state_62
nstda_ccsc_m_eamphur_274,อ.เมืองชุมพร,res_country_state_63
nstda_ccsc_m_eamphur_275,อ.ท่าแซะ,res_country_state_63
nstda_ccsc_m_eamphur_276,อ.ทุ่งตะโก,res_country_state_63
nstda_ccsc_m_eamphur_277,อ.ปะทิว,res_country_state_63
nstda_ccsc_m_eamphur_278,อ.พะโต๊ะ,res_country_state_63
nstda_ccsc_m_eamphur_279,อ.ละแม,res_country_state_63
nstda_ccsc_m_eamphur_280,อ.สวี,res_country_state_63
nstda_ccsc_m_eamphur_281,อ.หลังสวน,res_country_state_63
nstda_ccsc_m_eamphur_282,อ.เมืองตรัง,res_country_state_66
nstda_ccsc_m_eamphur_283,อ.กันตัง,res_country_state_66
nstda_ccsc_m_eamphur_284,อ.นาโยง,res_country_state_66
nstda_ccsc_m_eamphur_285,อ.ปะเหลียน,res_country_state_66
nstda_ccsc_m_eamphur_286,อ.ย่านตาขาว,res_country_state_66
nstda_ccsc_m_eamphur_287,อ.รัษฎา,res_country_state_66
nstda_ccsc_m_eamphur_288,อ.วังวิเศษ,res_country_state_66
nstda_ccsc_m_eamphur_289,อ.สิเกา,res_country_state_66
nstda_ccsc_m_eamphur_290,อ.ห้วยยอด,res_country_state_66
nstda_ccsc_m_eamphur_291,อ.หาดสำราญ,res_country_state_66
nstda_ccsc_m_eamphur_292,อ.เกาะกูด,res_country_state_67
nstda_ccsc_m_eamphur_293,อ.เกาะช้าง,res_country_state_67
nstda_ccsc_m_eamphur_294,อ.เขาสมิง,res_country_state_67
nstda_ccsc_m_eamphur_295,อ.เมืองตราด,res_country_state_67
nstda_ccsc_m_eamphur_296,อ.แหลมงอบ,res_country_state_67
nstda_ccsc_m_eamphur_297,อ.คลองใหญ่,res_country_state_67
nstda_ccsc_m_eamphur_298,อ.บ่อไร่,res_country_state_67
nstda_ccsc_m_eamphur_299,อ.เมืองตาก,res_country_state_68
nstda_ccsc_m_eamphur_300,อ.แม่ระมาด,res_country_state_68
nstda_ccsc_m_eamphur_301,อ.แม่สอด,res_country_state_68
nstda_ccsc_m_eamphur_302,อ.ท่าสองยาง,res_country_state_68
nstda_ccsc_m_eamphur_303,อ.บ้านตาก,res_country_state_68
nstda_ccsc_m_eamphur_304,อ.พบพระ,res_country_state_68
nstda_ccsc_m_eamphur_305,อ.วังเจ้า,res_country_state_68
nstda_ccsc_m_eamphur_306,อ.สามเงา,res_country_state_68
nstda_ccsc_m_eamphur_307,อ.อุ้มผาง,res_country_state_68
nstda_ccsc_m_eamphur_308,อ.เมืองนครนายก,res_country_state_69
nstda_ccsc_m_eamphur_309,อ.บ้านนา,res_country_state_69
nstda_ccsc_m_eamphur_310,อ.ปากพลี,res_country_state_69
nstda_ccsc_m_eamphur_311,อ.องครักษ์,res_country_state_69
nstda_ccsc_m_eamphur_312,อ.เมืองนครปฐม,res_country_state_70
nstda_ccsc_m_eamphur_313,อ.กำแพงแสน,res_country_state_70
nstda_ccsc_m_eamphur_314,อ.ดอนตูม,res_country_state_70
nstda_ccsc_m_eamphur_315,อ.นครชัยศรี,res_country_state_70
nstda_ccsc_m_eamphur_316,อ.บางเลน,res_country_state_70
nstda_ccsc_m_eamphur_317,อ.พุทธมณฑล,res_country_state_70
nstda_ccsc_m_eamphur_318,อ.สามพราน,res_country_state_70
nstda_ccsc_m_eamphur_319,อ.เมืองนครพนม,res_country_state_71
nstda_ccsc_m_eamphur_320,อ.เรณูนคร,res_country_state_71
nstda_ccsc_m_eamphur_321,อ.โพนสวรรค์,res_country_state_71
nstda_ccsc_m_eamphur_322,อ.ท่าอุเทน,res_country_state_71
nstda_ccsc_m_eamphur_323,อ.ธาตุพนม,res_country_state_71
nstda_ccsc_m_eamphur_324,อ.นาแก,res_country_state_71
nstda_ccsc_m_eamphur_325,อ.นาทม,res_country_state_71
nstda_ccsc_m_eamphur_326,อ.นาหว้า,res_country_state_71
nstda_ccsc_m_eamphur_327,อ.บ้านแพง,res_country_state_71
nstda_ccsc_m_eamphur_328,อ.ปลาปาก,res_country_state_71
nstda_ccsc_m_eamphur_329,อ.วังยาง,res_country_state_71
nstda_ccsc_m_eamphur_330,อ.ศรีสงคราม,res_country_state_71
nstda_ccsc_m_eamphur_331,อ.เฉลิมพระเกียรติ,res_country_state_72
nstda_ccsc_m_eamphur_332,อ.เทพารักษ์,res_country_state_72
nstda_ccsc_m_eamphur_333,อ.เมืองนครราชสีมา,res_country_state_72
nstda_ccsc_m_eamphur_334,อ.เมืองยาง,res_country_state_72
nstda_ccsc_m_eamphur_335,อ.เสิงสาง,res_country_state_72
nstda_ccsc_m_eamphur_336,อ.แก้งสนามนาง,res_country_state_72
nstda_ccsc_m_eamphur_337,อ.โชคชัย,res_country_state_72
nstda_ccsc_m_eamphur_338,อ.โนนแดง,res_country_state_72
nstda_ccsc_m_eamphur_339,อ.โนนไทย,res_country_state_72
nstda_ccsc_m_eamphur_340,อ.โนนสูง,res_country_state_72
nstda_ccsc_m_eamphur_341,อ.ขามทะเลสอ,res_country_state_72
nstda_ccsc_m_eamphur_342,อ.ขามสะแกแสง,res_country_state_72
nstda_ccsc_m_eamphur_343,อ.คง,res_country_state_72
nstda_ccsc_m_eamphur_344,อ.ครบุรี,res_country_state_72
nstda_ccsc_m_eamphur_345,อ.จักราช,res_country_state_72
nstda_ccsc_m_eamphur_346,อ.ชุมพวง,res_country_state_72
nstda_ccsc_m_eamphur_347,อ.ด่านขุนทด,res_country_state_72
nstda_ccsc_m_eamphur_348,อ.บัวใหญ่,res_country_state_72
nstda_ccsc_m_eamphur_349,อ.บัวลาย,res_country_state_72
nstda_ccsc_m_eamphur_350,อ.บ้านเหลื่อม,res_country_state_72
nstda_ccsc_m_eamphur_351,อ.ประทาย,res_country_state_72
nstda_ccsc_m_eamphur_352,อ.ปักธงชัย,res_country_state_72
nstda_ccsc_m_eamphur_353,อ.ปากช่อง,res_country_state_72
nstda_ccsc_m_eamphur_354,อ.พระทองคำ,res_country_state_72
nstda_ccsc_m_eamphur_355,อ.พิมาย,res_country_state_72
nstda_ccsc_m_eamphur_356,อ.ลำทะเมนชัย,res_country_state_72
nstda_ccsc_m_eamphur_357,อ.วังน้ำเขียว,res_country_state_72
nstda_ccsc_m_eamphur_358,อ.สีคิ้ว,res_country_state_72
nstda_ccsc_m_eamphur_359,อ.สีดา,res_country_state_72
nstda_ccsc_m_eamphur_360,อ.สูงเนิน,res_country_state_72
nstda_ccsc_m_eamphur_361,อ.หนองบุญมาก,res_country_state_72
nstda_ccsc_m_eamphur_362,อ.ห้วยแถลง,res_country_state_72
nstda_ccsc_m_eamphur_363,อ.เฉลิมพระเกียรติ,res_country_state_73
nstda_ccsc_m_eamphur_364,อ.เชียรใหญ่,res_country_state_73
nstda_ccsc_m_eamphur_365,อ.เมืองนครศรีธรรมราช,res_country_state_73
nstda_ccsc_m_eamphur_366,อ.ขนอม,res_country_state_73
nstda_ccsc_m_eamphur_367,อ.จุฬาภรณ์,res_country_state_73
nstda_ccsc_m_eamphur_368,อ.ฉวาง,res_country_state_73
nstda_ccsc_m_eamphur_369,อ.ชะอวด,res_country_state_73
nstda_ccsc_m_eamphur_370,อ.ช้างกลาง,res_country_state_73
nstda_ccsc_m_eamphur_371,อ.ถ้ำพรรณรา,res_country_state_73
nstda_ccsc_m_eamphur_372,อ.ท่าศาลา,res_country_state_73
nstda_ccsc_m_eamphur_373,อ.ทุ่งใหญ่,res_country_state_73
nstda_ccsc_m_eamphur_374,อ.ทุ่งสง,res_country_state_73
nstda_ccsc_m_eamphur_375,อ.นบพิตำ,res_country_state_73
nstda_ccsc_m_eamphur_376,อ.นาบอน,res_country_state_73
nstda_ccsc_m_eamphur_377,อ.บางขัน,res_country_state_73
nstda_ccsc_m_eamphur_378,อ.ปากพนัง,res_country_state_73
nstda_ccsc_m_eamphur_379,อ.พรหมคีรี,res_country_state_73
nstda_ccsc_m_eamphur_380,อ.พระพรหม,res_country_state_73
nstda_ccsc_m_eamphur_381,อ.พิปูน,res_country_state_73
nstda_ccsc_m_eamphur_382,อ.ร่อนพิบูลย์,res_country_state_73
nstda_ccsc_m_eamphur_383,อ.ลานสกา,res_country_state_73
nstda_ccsc_m_eamphur_384,อ.สิชล,res_country_state_73
nstda_ccsc_m_eamphur_385,อ.หัวไทร,res_country_state_73
nstda_ccsc_m_eamphur_386,อ.เก้าเลี้ยว,res_country_state_74
nstda_ccsc_m_eamphur_387,อ.เมืองนครสวรรค์,res_country_state_74
nstda_ccsc_m_eamphur_388,อ.แม่เปิน,res_country_state_74
nstda_ccsc_m_eamphur_389,อ.แม่วงก์,res_country_state_74
nstda_ccsc_m_eamphur_390,อ.โกรกพระ,res_country_state_74
nstda_ccsc_m_eamphur_391,อ.ไพศาลี,res_country_state_74
nstda_ccsc_m_eamphur_392,อ.ชุมแสง,res_country_state_74
nstda_ccsc_m_eamphur_393,อ.ชุมตาบง,res_country_state_74
nstda_ccsc_m_eamphur_394,อ.ตากฟ้า,res_country_state_74
nstda_ccsc_m_eamphur_395,อ.ตาคลี,res_country_state_74
nstda_ccsc_m_eamphur_396,อ.ท่าตะโก,res_country_state_74
nstda_ccsc_m_eamphur_397,อ.บรรพตพิสัย,res_country_state_74
nstda_ccsc_m_eamphur_398,อ.พยุหะคีรี,res_country_state_74
nstda_ccsc_m_eamphur_399,อ.ลาดยาว,res_country_state_74
nstda_ccsc_m_eamphur_400,อ.หนองบัว,res_country_state_74
nstda_ccsc_m_eamphur_401,อ.เมืองนนทบุรี,res_country_state_75
nstda_ccsc_m_eamphur_402,อ.ไทรน้อย,res_country_state_75
nstda_ccsc_m_eamphur_403,อ.บางใหญ่,res_country_state_75
nstda_ccsc_m_eamphur_404,อ.บางกรวย,res_country_state_75
nstda_ccsc_m_eamphur_405,อ.บางบัวทอง,res_country_state_75
nstda_ccsc_m_eamphur_406,อ.ปากเกร็ด,res_country_state_75
nstda_ccsc_m_eamphur_407,อ.เจาะไอร้อง,res_country_state_76
nstda_ccsc_m_eamphur_408,อ.เมืองนราธิวาส,res_country_state_76
nstda_ccsc_m_eamphur_409,อ.แว้ง,res_country_state_76
nstda_ccsc_m_eamphur_410,อ.จะแนะ,res_country_state_76
nstda_ccsc_m_eamphur_411,อ.ตากใบ,res_country_state_76
nstda_ccsc_m_eamphur_412,อ.บาเจาะ,res_country_state_76
nstda_ccsc_m_eamphur_413,อ.ยี่งอ,res_country_state_76
nstda_ccsc_m_eamphur_414,อ.ระแงะ,res_country_state_76
nstda_ccsc_m_eamphur_415,อ.รือเสาะ,res_country_state_76
nstda_ccsc_m_eamphur_416,อ.ศรีสาคร,res_country_state_76
nstda_ccsc_m_eamphur_417,อ.สุไหงโกลก,res_country_state_76
nstda_ccsc_m_eamphur_418,อ.สุไหงปาดี,res_country_state_76
nstda_ccsc_m_eamphur_419,อ.สุคิริน,res_country_state_76
nstda_ccsc_m_eamphur_420,อ.เฉลิมพระเกียรติ,res_country_state_77
nstda_ccsc_m_eamphur_421,อ.เชียงกลาง,res_country_state_77
nstda_ccsc_m_eamphur_422,อ.เมืองน่าน,res_country_state_77
nstda_ccsc_m_eamphur_423,อ.เวียงสา,res_country_state_77
nstda_ccsc_m_eamphur_424,อ.แม่จริม,res_country_state_77
nstda_ccsc_m_eamphur_425,อ.ท่าวังผา,res_country_state_77
nstda_ccsc_m_eamphur_426,อ.ทุ่งช้าง,res_country_state_77
nstda_ccsc_m_eamphur_427,อ.นาน้อย,res_country_state_77
nstda_ccsc_m_eamphur_428,อ.นาหมื่น,res_country_state_77
nstda_ccsc_m_eamphur_429,อ.บ่อเกลือ,res_country_state_77
nstda_ccsc_m_eamphur_430,อ.บ้านหลวง,res_country_state_77
nstda_ccsc_m_eamphur_431,อ.ปัว,res_country_state_77
nstda_ccsc_m_eamphur_432,อ.ภูเพียง,res_country_state_77
nstda_ccsc_m_eamphur_433,อ.สองแคว,res_country_state_77
nstda_ccsc_m_eamphur_434,อ.สันติสุข,res_country_state_77
nstda_ccsc_m_eamphur_435,อ.เซกา,res_country_state_78
nstda_ccsc_m_eamphur_436,อ.เมืองบึงกาฬ,res_country_state_78
nstda_ccsc_m_eamphur_437,อ.โซ่พิสัย,res_country_state_78
nstda_ccsc_m_eamphur_438,อ.บึงโขงหลง,res_country_state_78
nstda_ccsc_m_eamphur_439,อ.บุ่งคล้า,res_country_state_78
nstda_ccsc_m_eamphur_440,อ.ปากคาด,res_country_state_78
nstda_ccsc_m_eamphur_441,อ.พรเจริญ,res_country_state_78
nstda_ccsc_m_eamphur_442,อ.ศรีวิไล,res_country_state_78
nstda_ccsc_m_eamphur_443,อ.เฉลิมพระเกียรติ,res_country_state_79
nstda_ccsc_m_eamphur_444,อ.เมืองบุรีรัมย์,res_country_state_79
nstda_ccsc_m_eamphur_445,อ.แคนดง,res_country_state_79
nstda_ccsc_m_eamphur_446,อ.โนนดินแดง,res_country_state_79
nstda_ccsc_m_eamphur_447,อ.โนนสุวรรณ,res_country_state_79
nstda_ccsc_m_eamphur_448,อ.กระสัง,res_country_state_79
nstda_ccsc_m_eamphur_449,อ.คูเมือง,res_country_state_79
nstda_ccsc_m_eamphur_450,อ.ชำนิ,res_country_state_79
nstda_ccsc_m_eamphur_451,อ.นาโพธิ์,res_country_state_79
nstda_ccsc_m_eamphur_452,อ.นางรอง,res_country_state_79
nstda_ccsc_m_eamphur_453,อ.บ้านใหม่ไชยพจน์,res_country_state_79
nstda_ccsc_m_eamphur_454,อ.บ้านกรวด,res_country_state_79
nstda_ccsc_m_eamphur_455,อ.บ้านด่าน,res_country_state_79
nstda_ccsc_m_eamphur_456,อ.ประโคนชัย,res_country_state_79
nstda_ccsc_m_eamphur_457,อ.ปะคำ,res_country_state_79
nstda_ccsc_m_eamphur_458,อ.พลับพลาชัย,res_country_state_79
nstda_ccsc_m_eamphur_459,อ.พุทไธสง,res_country_state_79
nstda_ccsc_m_eamphur_460,อ.ละหานทราย,res_country_state_79
nstda_ccsc_m_eamphur_461,อ.ลำปลายมาศ,res_country_state_79
nstda_ccsc_m_eamphur_462,อ.สตึก,res_country_state_79
nstda_ccsc_m_eamphur_463,อ.หนองกี่,res_country_state_79
nstda_ccsc_m_eamphur_464,อ.หนองหงส์,res_country_state_79
nstda_ccsc_m_eamphur_465,อ.ห้วยราช,res_country_state_79
nstda_ccsc_m_eamphur_466,อ.เมืองปทุมธานี,res_country_state_80
nstda_ccsc_m_eamphur_467,อ.คลองหลวง,res_country_state_80
nstda_ccsc_m_eamphur_468,อ.ธัญบุรี,res_country_state_80
nstda_ccsc_m_eamphur_469,อ.ลาดหลุมแก้ว,res_country_state_80
nstda_ccsc_m_eamphur_470,อ.ลำลูกกา,res_country_state_80
nstda_ccsc_m_eamphur_471,อ.สามโคก,res_country_state_80
nstda_ccsc_m_eamphur_472,อ.หนองเสือ,res_country_state_80
nstda_ccsc_m_eamphur_473,อ.เมืองประจวบคีรีขันธ์,res_country_state_81
nstda_ccsc_m_eamphur_474,อ.กุยบุรี,res_country_state_81
nstda_ccsc_m_eamphur_475,อ.ทับสะแก,res_country_state_81
nstda_ccsc_m_eamphur_476,อ.บางสะพาน,res_country_state_81
nstda_ccsc_m_eamphur_477,อ.บางสะพานน้อย,res_country_state_81
nstda_ccsc_m_eamphur_478,อ.ปราณบุรี,res_country_state_81
nstda_ccsc_m_eamphur_479,อ.สามร้อยยอด,res_country_state_81
nstda_ccsc_m_eamphur_480,อ.หัวหิน,res_country_state_81
nstda_ccsc_m_eamphur_481,อ.เมืองปราจีนบุรี,res_country_state_82
nstda_ccsc_m_eamphur_482,อ.กบินทร์บุรี,res_country_state_82
nstda_ccsc_m_eamphur_483,อ.นาดี,res_country_state_82
nstda_ccsc_m_eamphur_484,อ.บ้านสร้าง,res_country_state_82
nstda_ccsc_m_eamphur_485,อ.ประจันตคาม,res_country_state_82
nstda_ccsc_m_eamphur_486,อ.ศรีมโหสถ,res_country_state_82
nstda_ccsc_m_eamphur_487,อ.ศรีมหาโพธิ,res_country_state_82
nstda_ccsc_m_eamphur_488,อ.เมืองปัตตานี,res_country_state_83
nstda_ccsc_m_eamphur_489,อ.แม่ลาน,res_country_state_83
nstda_ccsc_m_eamphur_490,อ.โคกโพธิ์,res_country_state_83
nstda_ccsc_m_eamphur_491,อ.ไม้แก่น,res_country_state_83
nstda_ccsc_m_eamphur_492,อ.กะพ้อ,res_country_state_83
nstda_ccsc_m_eamphur_493,อ.ทุ่งยางแดง,res_country_state_83
nstda_ccsc_m_eamphur_494,อ.ปะนาเระ,res_country_state_83
nstda_ccsc_m_eamphur_495,อ.มายอ,res_country_state_83
nstda_ccsc_m_eamphur_496,อ.ยะรัง,res_country_state_83
nstda_ccsc_m_eamphur_497,อ.ยะหริ่ง,res_country_state_83
nstda_ccsc_m_eamphur_498,อ.สายบุรี,res_country_state_83
nstda_ccsc_m_eamphur_499,อ.หนองจิก,res_country_state_83
nstda_ccsc_m_eamphur_500,อ.เสนา,res_country_state_85
nstda_ccsc_m_eamphur_501,อ.ท่าเรือ,res_country_state_85
nstda_ccsc_m_eamphur_502,อ.นครหลวง,res_country_state_85
nstda_ccsc_m_eamphur_503,อ.บางไทร,res_country_state_85
nstda_ccsc_m_eamphur_504,อ.บางซ้าย,res_country_state_85
nstda_ccsc_m_eamphur_505,อ.บางบาล,res_country_state_85
nstda_ccsc_m_eamphur_506,อ.บางปะหัน,res_country_state_85
nstda_ccsc_m_eamphur_507,อ.บางปะอิน,res_country_state_85
nstda_ccsc_m_eamphur_508,อ.บ้านแพรก,res_country_state_85
nstda_ccsc_m_eamphur_509,อ.ผักไห่,res_country_state_85
nstda_ccsc_m_eamphur_510,อ.พระนครศรีอยุธยา,res_country_state_85
nstda_ccsc_m_eamphur_511,อ.ภาชี,res_country_state_85
nstda_ccsc_m_eamphur_512,อ.มหาราช,res_country_state_85
nstda_ccsc_m_eamphur_513,อ.ลาดบัวหลวง,res_country_state_85
nstda_ccsc_m_eamphur_514,อ.วังน้อย,res_country_state_85
nstda_ccsc_m_eamphur_515,อ.อุทัย,res_country_state_85
nstda_ccsc_m_eamphur_516,อ.เชียงคำ,res_country_state_84
nstda_ccsc_m_eamphur_517,อ.เชียงม่วน,res_country_state_84
nstda_ccsc_m_eamphur_518,อ.เมืองพะเยา,res_country_state_84
nstda_ccsc_m_eamphur_519,อ.แม่ใจ,res_country_state_84
nstda_ccsc_m_eamphur_520,อ.จุน,res_country_state_84
nstda_ccsc_m_eamphur_521,อ.ดอกคำใต้,res_country_state_84
nstda_ccsc_m_eamphur_522,อ.ปง,res_country_state_84
nstda_ccsc_m_eamphur_523,อ.ภูกามยาว,res_country_state_84
nstda_ccsc_m_eamphur_524,อ.ภูซาง,res_country_state_84
nstda_ccsc_m_eamphur_525,อ.เกาะยาว,res_country_state_86
nstda_ccsc_m_eamphur_526,อ.เมืองพังงา,res_country_state_86
nstda_ccsc_m_eamphur_527,อ.กะปง,res_country_state_86
nstda_ccsc_m_eamphur_528,อ.คุระบุรี,res_country_state_86
nstda_ccsc_m_eamphur_529,อ.ตะกั่วทุ่ง,res_country_state_86
nstda_ccsc_m_eamphur_530,อ.ตะกั่วป่า,res_country_state_86
nstda_ccsc_m_eamphur_531,อ.ทับปุด,res_country_state_86
nstda_ccsc_m_eamphur_532,อ.ท้ายเหมือง,res_country_state_86
nstda_ccsc_m_eamphur_533,อ.เขาชัยสน,res_country_state_87
nstda_ccsc_m_eamphur_534,อ.เมืองพัทลุง,res_country_state_87
nstda_ccsc_m_eamphur_535,อ.กงหรา,res_country_state_87
nstda_ccsc_m_eamphur_536,อ.ควนขนุน,res_country_state_87
nstda_ccsc_m_eamphur_537,อ.ตะโหมด,res_country_state_87
nstda_ccsc_m_eamphur_538,อ.บางแก้ว,res_country_state_87
nstda_ccsc_m_eamphur_539,อ.ปากพะยูน,res_country_state_87
nstda_ccsc_m_eamphur_540,อ.ป่าบอน,res_country_state_87
nstda_ccsc_m_eamphur_541,อ.ป่าพะยอม,res_country_state_87
nstda_ccsc_m_eamphur_542,อ.ศรีนครินทร์,res_country_state_87
nstda_ccsc_m_eamphur_543,อ.ศรีบรรพต,res_country_state_87
nstda_ccsc_m_eamphur_544,อ.เมืองพิจิตร,res_country_state_88
nstda_ccsc_m_eamphur_545,อ.โพทะเล,res_country_state_88
nstda_ccsc_m_eamphur_546,อ.โพธิ์ประทับช้าง,res_country_state_88
nstda_ccsc_m_eamphur_547,อ.ดงเจริญ,res_country_state_88
nstda_ccsc_m_eamphur_548,อ.ตะพานหิน,res_country_state_88
nstda_ccsc_m_eamphur_549,อ.ทับคล้อ,res_country_state_88
nstda_ccsc_m_eamphur_550,อ.บางมูลนาก,res_country_state_88
nstda_ccsc_m_eamphur_551,อ.บึงนาราง,res_country_state_88
nstda_ccsc_m_eamphur_552,อ.วชิรบารมี,res_country_state_88
nstda_ccsc_m_eamphur_553,อ.วังทรายพูน,res_country_state_88
nstda_ccsc_m_eamphur_554,อ.สากเหล็ก,res_country_state_88
nstda_ccsc_m_eamphur_555,อ.สามง่าม,res_country_state_88
nstda_ccsc_m_eamphur_556,อ.เนินมะปราง,res_country_state_89
nstda_ccsc_m_eamphur_557,อ.เมืองพิษณุโลก,res_country_state_89
nstda_ccsc_m_eamphur_558,อ.ชาติตระการ,res_country_state_89
nstda_ccsc_m_eamphur_559,อ.นครไทย,res_country_state_89
nstda_ccsc_m_eamphur_560,อ.บางกระทุ่ม,res_country_state_89
nstda_ccsc_m_eamphur_561,อ.บางระกำ,res_country_state_89
nstda_ccsc_m_eamphur_562,อ.พรหมพิราม,res_country_state_89
nstda_ccsc_m_eamphur_563,อ.วังทอง,res_country_state_89
nstda_ccsc_m_eamphur_564,อ.วัดโบสถ์,res_country_state_89
nstda_ccsc_m_eamphur_565,อ.เมืองภูเก็ต,res_country_state_93
nstda_ccsc_m_eamphur_566,อ.กะทู้,res_country_state_93
nstda_ccsc_m_eamphur_567,อ.ถลาง,res_country_state_93
nstda_ccsc_m_eamphur_568,อ.เชียงยืน,res_country_state_94
nstda_ccsc_m_eamphur_569,อ.เมืองมหาสารคาม,res_country_state_94
nstda_ccsc_m_eamphur_570,อ.แกดำ,res_country_state_94
nstda_ccsc_m_eamphur_571,อ.โกสุมพิสัย,res_country_state_94
nstda_ccsc_m_eamphur_572,อ.กันทรวิชัย,res_country_state_94
nstda_ccsc_m_eamphur_573,อ.กุดรัง,res_country_state_94
nstda_ccsc_m_eamphur_574,อ.ชื่นชม,res_country_state_94
nstda_ccsc_m_eamphur_575,อ.นาเชือก,res_country_state_94
nstda_ccsc_m_eamphur_576,อ.นาดูน,res_country_state_94
nstda_ccsc_m_eamphur_577,อ.บรบือ,res_country_state_94
nstda_ccsc_m_eamphur_578,อ.พยัคฆภูมิพิสัย,res_country_state_94
nstda_ccsc_m_eamphur_579,อ.ยางสีสุราช,res_country_state_94
nstda_ccsc_m_eamphur_580,อ.วาปีปทุม,res_country_state_94
nstda_ccsc_m_eamphur_581,อ.เมืองมุกดาหาร,res_country_state_95
nstda_ccsc_m_eamphur_582,อ.คำชะอี,res_country_state_95
nstda_ccsc_m_eamphur_583,อ.ดงหลวง,res_country_state_95
nstda_ccsc_m_eamphur_584,อ.ดอนตาล,res_country_state_95
nstda_ccsc_m_eamphur_585,อ.นิคมคำสร้อย,res_country_state_95
nstda_ccsc_m_eamphur_586,อ.หนองสูง,res_country_state_95
nstda_ccsc_m_eamphur_587,อ.หว้านใหญ่,res_country_state_95
nstda_ccsc_m_eamphur_588,อ.เมืองยโสธร,res_country_state_97
nstda_ccsc_m_eamphur_589,อ.เลิงนกทา,res_country_state_97
nstda_ccsc_m_eamphur_590,อ.ไทยเจริญ,res_country_state_97
nstda_ccsc_m_eamphur_591,อ.กุดชุม,res_country_state_97
nstda_ccsc_m_eamphur_592,อ.ค้อวัง,res_country_state_97
nstda_ccsc_m_eamphur_593,อ.คำเขื่อนแก้ว,res_country_state_97
nstda_ccsc_m_eamphur_594,อ.ทรายมูล,res_country_state_97
nstda_ccsc_m_eamphur_595,อ.ป่าติ้ว,res_country_state_97
nstda_ccsc_m_eamphur_596,อ.มหาชนะชัย,res_country_state_97
nstda_ccsc_m_eamphur_597,อ.เบตง,res_country_state_98
nstda_ccsc_m_eamphur_598,อ.เมืองยะลา,res_country_state_98
nstda_ccsc_m_eamphur_599,อ.กรงปินัง,res_country_state_98
nstda_ccsc_m_eamphur_600,อ.กาบัง,res_country_state_98
nstda_ccsc_m_eamphur_601,อ.ธารโต,res_country_state_98
nstda_ccsc_m_eamphur_602,อ.บันนังสตา,res_country_state_98
nstda_ccsc_m_eamphur_603,อ.ยะหา,res_country_state_98
nstda_ccsc_m_eamphur_604,อ.รามัน,res_country_state_98
nstda_ccsc_m_eamphur_605,อ.เกษตรวิสัย,res_country_state_99
nstda_ccsc_m_eamphur_606,อ.เชียงขวัญ,res_country_state_99
nstda_ccsc_m_eamphur_607,อ.เมยวดี,res_country_state_99
nstda_ccsc_m_eamphur_608,อ.เมืองร้อยเอ็ด,res_country_state_99
nstda_ccsc_m_eamphur_609,อ.เมืองสรวง,res_country_state_99
nstda_ccsc_m_eamphur_610,อ.เสลภูมิ,res_country_state_99
nstda_ccsc_m_eamphur_611,อ.โพธิ์ชัย,res_country_state_99
nstda_ccsc_m_eamphur_612,อ.โพนทราย,res_country_state_99
nstda_ccsc_m_eamphur_613,อ.โพนทอง,res_country_state_99
nstda_ccsc_m_eamphur_614,อ.จตุรพักตรพิมาน,res_country_state_99
nstda_ccsc_m_eamphur_615,อ.จังหาร,res_country_state_99
nstda_ccsc_m_eamphur_616,อ.ทุ่งเขาหลวง,res_country_state_99
nstda_ccsc_m_eamphur_617,อ.ธวัชบุรี,res_country_state_99
nstda_ccsc_m_eamphur_618,อ.ปทุมรัตต์,res_country_state_99
nstda_ccsc_m_eamphur_619,อ.พนมไพร,res_country_state_99
nstda_ccsc_m_eamphur_620,อ.ศรีสมเด็จ,res_country_state_99
nstda_ccsc_m_eamphur_621,อ.สุวรรณภูมิ,res_country_state_99
nstda_ccsc_m_eamphur_622,อ.หนองพอก,res_country_state_99
nstda_ccsc_m_eamphur_623,อ.หนองฮี,res_country_state_99
nstda_ccsc_m_eamphur_624,อ.อาจสามารถ,res_country_state_99
nstda_ccsc_m_eamphur_625,อ.เมืองระนอง,res_country_state_100
nstda_ccsc_m_eamphur_626,อ.กระบุรี,res_country_state_100
nstda_ccsc_m_eamphur_627,อ.กะเปอร์,res_country_state_100
nstda_ccsc_m_eamphur_628,อ.ละอุ่น,res_country_state_100
nstda_ccsc_m_eamphur_629,อ.สุขสำราญ,res_country_state_100
nstda_ccsc_m_eamphur_630,อ.เขาชะเมา,res_country_state_101
nstda_ccsc_m_eamphur_631,อ.เมืองระยอง,res_country_state_101
nstda_ccsc_m_eamphur_632,อ.แกลง,res_country_state_101
nstda_ccsc_m_eamphur_633,อ.นิคมพัฒนา,res_country_state_101
nstda_ccsc_m_eamphur_634,อ.บ้านค่าย,res_country_state_101
nstda_ccsc_m_eamphur_635,อ.บ้านฉาง,res_country_state_101
nstda_ccsc_m_eamphur_636,อ.ปลวกแดง,res_country_state_101
nstda_ccsc_m_eamphur_637,อ.วังจันทร์,res_country_state_101
nstda_ccsc_m_eamphur_638,อ.เมืองราชบุรี,res_country_state_102
nstda_ccsc_m_eamphur_639,อ.โพธาราม,res_country_state_102
nstda_ccsc_m_eamphur_640,อ.จอมบึง,res_country_state_102
nstda_ccsc_m_eamphur_641,อ.ดำเนินสะดวก,res_country_state_102
nstda_ccsc_m_eamphur_642,อ.บางแพ,res_country_state_102
nstda_ccsc_m_eamphur_643,อ.บ้านโป่ง,res_country_state_102
nstda_ccsc_m_eamphur_644,อ.บ้านคา,res_country_state_102
nstda_ccsc_m_eamphur_645,อ.ปากท่อ,res_country_state_102
nstda_ccsc_m_eamphur_646,อ.วัดเพลง,res_country_state_102
nstda_ccsc_m_eamphur_647,อ.สวนผึ้ง,res_country_state_102
nstda_ccsc_m_eamphur_648,อ.เมืองลพบุรี,res_country_state_103
nstda_ccsc_m_eamphur_649,อ.โคกเจริญ,res_country_state_103
nstda_ccsc_m_eamphur_650,อ.โคกสำโรง,res_country_state_103
nstda_ccsc_m_eamphur_651,อ.ชัยบาดาล,res_country_state_103
nstda_ccsc_m_eamphur_652,อ.ท่าวุ้ง,res_country_state_103
nstda_ccsc_m_eamphur_653,อ.ท่าหลวง,res_country_state_103
nstda_ccsc_m_eamphur_654,อ.บ้านหมี่,res_country_state_103
nstda_ccsc_m_eamphur_655,อ.พัฒนานิคม,res_country_state_103
nstda_ccsc_m_eamphur_656,อ.ลำสนธิ,res_country_state_103
nstda_ccsc_m_eamphur_657,อ.สระโบสถ์,res_country_state_103
nstda_ccsc_m_eamphur_658,อ.หนองม่วง,res_country_state_103
nstda_ccsc_m_eamphur_659,อ.เกาะคา,res_country_state_104
nstda_ccsc_m_eamphur_660,อ.เถิน,res_country_state_104
nstda_ccsc_m_eamphur_661,อ.เมืองปาน,res_country_state_104
nstda_ccsc_m_eamphur_662,อ.เมืองลำปาง,res_country_state_104
nstda_ccsc_m_eamphur_663,อ.เสริมงาม,res_country_state_104
nstda_ccsc_m_eamphur_664,อ.แจ้ห่ม,res_country_state_104
nstda_ccsc_m_eamphur_665,อ.แม่เมาะ,res_country_state_104
nstda_ccsc_m_eamphur_666,อ.แม่ทะ,res_country_state_104
nstda_ccsc_m_eamphur_667,อ.แม่พริก,res_country_state_104
nstda_ccsc_m_eamphur_668,อ.งาว,res_country_state_104
nstda_ccsc_m_eamphur_669,อ.วังเหนือ,res_country_state_104
nstda_ccsc_m_eamphur_670,อ.สบปราบ,res_country_state_104
nstda_ccsc_m_eamphur_671,อ.ห้างฉัตร,res_country_state_104
nstda_ccsc_m_eamphur_672,อ.เมืองลำพูน,res_country_state_105
nstda_ccsc_m_eamphur_673,อ.เวียงหนองล่อง,res_country_state_105
nstda_ccsc_m_eamphur_674,อ.แม่ทา,res_country_state_105
nstda_ccsc_m_eamphur_675,อ.ทุ่งหัวช้าง,res_country_state_105
nstda_ccsc_m_eamphur_676,อ.บ้านโฮ่ง,res_country_state_105
nstda_ccsc_m_eamphur_677,อ.บ้านธิ,res_country_state_105
nstda_ccsc_m_eamphur_678,อ.ป่าซาง,res_country_state_105
nstda_ccsc_m_eamphur_679,อ.ลี้,res_country_state_105
nstda_ccsc_m_eamphur_680,อ.เบญจลักษ์,res_country_state_107
nstda_ccsc_m_eamphur_681,อ.เมืองจันทร์,res_country_state_107
nstda_ccsc_m_eamphur_682,อ.เมืองศรีสะเกษ,res_country_state_107
nstda_ccsc_m_eamphur_683,อ.โนนคูณ,res_country_state_107
nstda_ccsc_m_eamphur_684,อ.โพธิ์ศรีสุวรรณ,res_country_state_107
nstda_ccsc_m_eamphur_685,อ.ไพรบึง,res_country_state_107
nstda_ccsc_m_eamphur_686,อ.กันทรลักษ์,res_country_state_107
nstda_ccsc_m_eamphur_687,อ.กันทรารมย์,res_country_state_107
nstda_ccsc_m_eamphur_688,อ.ขุขันธ์,res_country_state_107
nstda_ccsc_m_eamphur_689,อ.ขุนหาญ,res_country_state_107
nstda_ccsc_m_eamphur_690,อ.น้ำเกลี้ยง,res_country_state_107
nstda_ccsc_m_eamphur_691,อ.บึงบูรพ์,res_country_state_107
nstda_ccsc_m_eamphur_692,อ.ปรางค์กู่,res_country_state_107
nstda_ccsc_m_eamphur_693,อ.พยุห์,res_country_state_107
nstda_ccsc_m_eamphur_694,อ.ภูสิงห์,res_country_state_107
nstda_ccsc_m_eamphur_695,อ.ยางชุมน้อย,res_country_state_107
nstda_ccsc_m_eamphur_696,อ.ราษีไศล,res_country_state_107
nstda_ccsc_m_eamphur_697,อ.วังหิน,res_country_state_107
nstda_ccsc_m_eamphur_698,อ.ศรีรัตนะ,res_country_state_107
nstda_ccsc_m_eamphur_699,อ.ศิลาลาด,res_country_state_107
nstda_ccsc_m_eamphur_700,อ.ห้วยทับทัน,res_country_state_107
nstda_ccsc_m_eamphur_701,อ.อุทุมพรพิสัย,res_country_state_107
nstda_ccsc_m_eamphur_702,อ.เจริญศิลป์,res_country_state_108
nstda_ccsc_m_eamphur_703,อ.เต่างอย,res_country_state_108
nstda_ccsc_m_eamphur_704,อ.เมืองสกลนคร,res_country_state_108
nstda_ccsc_m_eamphur_705,อ.โคกศรีสุพรรณ,res_country_state_108
nstda_ccsc_m_eamphur_706,อ.โพนนาแก้ว,res_country_state_108
nstda_ccsc_m_eamphur_707,อ.กุดบาก,res_country_state_108
nstda_ccsc_m_eamphur_708,อ.กุสุมาลย์,res_country_state_108
nstda_ccsc_m_eamphur_709,อ.คำตากล้า,res_country_state_108
nstda_ccsc_m_eamphur_710,อ.นิคมน้ำอูน,res_country_state_108
nstda_ccsc_m_eamphur_711,อ.บ้านม่วง,res_country_state_108
nstda_ccsc_m_eamphur_712,อ.พรรณานิคม,res_country_state_108
nstda_ccsc_m_eamphur_713,อ.พังโคน,res_country_state_108
nstda_ccsc_m_eamphur_714,อ.ภูพาน,res_country_state_108
nstda_ccsc_m_eamphur_715,อ.วานรนิวาส,res_country_state_108
nstda_ccsc_m_eamphur_716,อ.วาริชภูมิ,res_country_state_108
nstda_ccsc_m_eamphur_717,อ.สว่างแดนดิน,res_country_state_108
nstda_ccsc_m_eamphur_718,อ.ส่องดาว,res_country_state_108
nstda_ccsc_m_eamphur_719,อ.อากาศอำนวย,res_country_state_108
nstda_ccsc_m_eamphur_720,อ.เทพา,res_country_state_109
nstda_ccsc_m_eamphur_721,อ.เมืองสงขลา,res_country_state_109
nstda_ccsc_m_eamphur_722,อ.กระแสสินธุ์,res_country_state_109
nstda_ccsc_m_eamphur_723,อ.คลองหอยโข่ง,res_country_state_109
nstda_ccsc_m_eamphur_724,อ.ควนเนียง,res_country_state_109
nstda_ccsc_m_eamphur_725,อ.จะนะ,res_country_state_109
nstda_ccsc_m_eamphur_726,อ.นาทวี,res_country_state_109
nstda_ccsc_m_eamphur_727,อ.นาหม่อม,res_country_state_109
nstda_ccsc_m_eamphur_728,อ.บางกล่ำ,res_country_state_109
nstda_ccsc_m_eamphur_729,อ.ระโนด,res_country_state_109
nstda_ccsc_m_eamphur_730,อ.รัตภูมิ,res_country_state_109
nstda_ccsc_m_eamphur_731,อ.สทิงพระ,res_country_state_109
nstda_ccsc_m_eamphur_732,อ.สะเดา,res_country_state_109
nstda_ccsc_m_eamphur_733,อ.สะบ้าย้อย,res_country_state_109
nstda_ccsc_m_eamphur_734,อ.สิงหนคร,res_country_state_109
nstda_ccsc_m_eamphur_735,อ.หาดใหญ่,res_country_state_109
nstda_ccsc_m_eamphur_736,อ.เมืองสตูล,res_country_state_110
nstda_ccsc_m_eamphur_737,อ.ควนโดน,res_country_state_110
nstda_ccsc_m_eamphur_738,อ.ควนกาหลง,res_country_state_110
nstda_ccsc_m_eamphur_739,อ.ท่าแพ,res_country_state_110
nstda_ccsc_m_eamphur_740,อ.ทุ่งหว้า,res_country_state_110
nstda_ccsc_m_eamphur_741,อ.มะนัง,res_country_state_110
nstda_ccsc_m_eamphur_742,อ.ละงู,res_country_state_110
nstda_ccsc_m_eamphur_743,อ.เมืองสมุทรปราการ,res_country_state_111
nstda_ccsc_m_eamphur_744,อ.บางเสาธง,res_country_state_111
nstda_ccsc_m_eamphur_745,อ.บางบ่อ,res_country_state_111
nstda_ccsc_m_eamphur_746,อ.บางพลี,res_country_state_111
nstda_ccsc_m_eamphur_747,อ.พระประแดง,res_country_state_111
nstda_ccsc_m_eamphur_748,อ.พระสมุทรเจดีย์,res_country_state_111
nstda_ccsc_m_eamphur_749,อ.เมืองสมุทรสงคราม,res_country_state_112
nstda_ccsc_m_eamphur_750,อ.บางคนที,res_country_state_112
nstda_ccsc_m_eamphur_751,อ.อัมพวา,res_country_state_112
nstda_ccsc_m_eamphur_752,อ.เมืองสมุทรสาคร,res_country_state_113
nstda_ccsc_m_eamphur_753,อ.กระทุ่มแบน,res_country_state_113
nstda_ccsc_m_eamphur_754,อ.บ้านแพ้ว,res_country_state_113
nstda_ccsc_m_eamphur_755,อ.เขาฉกรรจ์,res_country_state_114
nstda_ccsc_m_eamphur_756,อ.เมืองสระแก้ว,res_country_state_114
nstda_ccsc_m_eamphur_757,อ.โคกสูง,res_country_state_114
nstda_ccsc_m_eamphur_758,อ.คลองหาด,res_country_state_114
nstda_ccsc_m_eamphur_759,อ.ตาพระยา,res_country_state_114
nstda_ccsc_m_eamphur_760,อ.วังน้ำเย็น,res_country_state_114
nstda_ccsc_m_eamphur_761,อ.วังสมบูรณ์,res_country_state_114
nstda_ccsc_m_eamphur_762,อ.วัฒนานคร,res_country_state_114
nstda_ccsc_m_eamphur_763,อ.อรัญประเทศ,res_country_state_114
nstda_ccsc_m_eamphur_764,อ.เฉลิมพระเกียรติ,res_country_state_115
nstda_ccsc_m_eamphur_765,อ.เมืองสระบุรี,res_country_state_115
nstda_ccsc_m_eamphur_766,อ.เสาไห้,res_country_state_115
nstda_ccsc_m_eamphur_767,อ.แก่งคอย,res_country_state_115
nstda_ccsc_m_eamphur_768,อ.ดอนพุด,res_country_state_115
nstda_ccsc_m_eamphur_769,อ.บ้านหมอ,res_country_state_115
nstda_ccsc_m_eamphur_770,อ.พระพุทธบาท,res_country_state_115
nstda_ccsc_m_eamphur_771,อ.มวกเหล็ก,res_country_state_115
nstda_ccsc_m_eamphur_772,อ.วังม่วง,res_country_state_115
nstda_ccsc_m_eamphur_773,อ.วิหารแดง,res_country_state_115
nstda_ccsc_m_eamphur_774,อ.หนองแค,res_country_state_115
nstda_ccsc_m_eamphur_775,อ.หนองแซง,res_country_state_115
nstda_ccsc_m_eamphur_776,อ.หนองโดน,res_country_state_115
nstda_ccsc_m_eamphur_777,อ.เมืองสิงห์บุรี,res_country_state_116
nstda_ccsc_m_eamphur_778,อ.ค่ายบางระจัน,res_country_state_116
nstda_ccsc_m_eamphur_779,อ.ท่าช้าง,res_country_state_116
nstda_ccsc_m_eamphur_780,อ.บางระจัน,res_country_state_116
nstda_ccsc_m_eamphur_781,อ.พรหมบุรี,res_country_state_116
nstda_ccsc_m_eamphur_782,อ.อินทร์บุรี,res_country_state_116
nstda_ccsc_m_eamphur_783,อ.เมืองสุโขทัย,res_country_state_117
nstda_ccsc_m_eamphur_784,อ.กงไกรลาศ,res_country_state_117
nstda_ccsc_m_eamphur_785,อ.คีรีมาศ,res_country_state_117
nstda_ccsc_m_eamphur_786,อ.ทุ่งเสลี่ยม,res_country_state_117
nstda_ccsc_m_eamphur_787,อ.บ้านด่านลานหอย,res_country_state_117
nstda_ccsc_m_eamphur_788,อ.ศรีนคร,res_country_state_117
nstda_ccsc_m_eamphur_789,อ.ศรีสัชนาลัย,res_country_state_117
nstda_ccsc_m_eamphur_790,อ.ศรีสำโรง,res_country_state_117
nstda_ccsc_m_eamphur_791,อ.สวรรคโลก,res_country_state_117
nstda_ccsc_m_eamphur_792,อ.เดิมบางนางบวช,res_country_state_118
nstda_ccsc_m_eamphur_793,อ.เมืองสุพรรณบุรี,res_country_state_118
nstda_ccsc_m_eamphur_794,อ.ดอนเจดีย์,res_country_state_118
nstda_ccsc_m_eamphur_795,อ.ด่านช้าง,res_country_state_118
nstda_ccsc_m_eamphur_796,อ.บางปลาม้า,res_country_state_118
nstda_ccsc_m_eamphur_797,อ.ศรีประจันต์,res_country_state_118
nstda_ccsc_m_eamphur_798,อ.สองพี่น้อง,res_country_state_118
nstda_ccsc_m_eamphur_799,อ.สามชุก,res_country_state_118
nstda_ccsc_m_eamphur_800,อ.หนองหญ้าไซ,res_country_state_118
nstda_ccsc_m_eamphur_801,อ.อู่ทอง,res_country_state_118
nstda_ccsc_m_eamphur_802,อ.เกาะพะงัน,res_country_state_119
nstda_ccsc_m_eamphur_803,อ.เกาะสมุย,res_country_state_119
nstda_ccsc_m_eamphur_804,อ.เคียนซา,res_country_state_119
nstda_ccsc_m_eamphur_805,อ.เมืองสุราษฎร์ธานี,res_country_state_119
nstda_ccsc_m_eamphur_806,อ.เวียงสระ,res_country_state_119
nstda_ccsc_m_eamphur_807,อ.ไชยา,res_country_state_119
nstda_ccsc_m_eamphur_808,อ.กาญจนดิษฐ์,res_country_state_119
nstda_ccsc_m_eamphur_809,อ.คีรีรัฐนิคม,res_country_state_119
nstda_ccsc_m_eamphur_810,อ.ชัยบุรี,res_country_state_119
nstda_ccsc_m_eamphur_811,อ.ดอนสัก,res_country_state_119
nstda_ccsc_m_eamphur_812,อ.ท่าฉาง,res_country_state_119
nstda_ccsc_m_eamphur_813,อ.ท่าชนะ,res_country_state_119
nstda_ccsc_m_eamphur_814,อ.บ้านตาขุน,res_country_state_119
nstda_ccsc_m_eamphur_815,อ.บ้านนาเดิม,res_country_state_119
nstda_ccsc_m_eamphur_816,อ.บ้านนาสาร,res_country_state_119
nstda_ccsc_m_eamphur_817,อ.พนม,res_country_state_119
nstda_ccsc_m_eamphur_818,อ.พระแสง,res_country_state_119
nstda_ccsc_m_eamphur_819,อ.พุนพิน,res_country_state_119
nstda_ccsc_m_eamphur_820,อ.วิภาวดี,res_country_state_119
nstda_ccsc_m_eamphur_821,อ.เขวาสินรินทร์,res_country_state_120
nstda_ccsc_m_eamphur_822,อ.เมืองสุรินทร์,res_country_state_120
nstda_ccsc_m_eamphur_823,อ.โนนนารายณ์,res_country_state_120
nstda_ccsc_m_eamphur_824,อ.กาบเชิง,res_country_state_120
nstda_ccsc_m_eamphur_825,อ.จอมพระ,res_country_state_120
nstda_ccsc_m_eamphur_826,อ.ชุมพลบุรี,res_country_state_120
nstda_ccsc_m_eamphur_827,อ.ท่าตูม,res_country_state_120
nstda_ccsc_m_eamphur_828,อ.บัวเชด,res_country_state_120
nstda_ccsc_m_eamphur_829,อ.ปราสาท,res_country_state_120
nstda_ccsc_m_eamphur_830,อ.พนมดงรัก,res_country_state_120
nstda_ccsc_m_eamphur_831,อ.รัตนบุรี,res_country_state_120
nstda_ccsc_m_eamphur_832,อ.ลำดวน,res_country_state_120
nstda_ccsc_m_eamphur_833,อ.ศรีณรงค์,res_country_state_120
nstda_ccsc_m_eamphur_834,อ.ศีขรภูมิ,res_country_state_120
nstda_ccsc_m_eamphur_835,อ.สนม,res_country_state_120
nstda_ccsc_m_eamphur_836,อ.สังขะ,res_country_state_120
nstda_ccsc_m_eamphur_837,อ.สำโรงทาบ,res_country_state_120
nstda_ccsc_m_eamphur_838,อ.เฝ้าไร่,res_country_state_121
nstda_ccsc_m_eamphur_839,อ.เมืองหนองคาย,res_country_state_121
nstda_ccsc_m_eamphur_840,อ.โพธิ์ตาก,res_country_state_121
nstda_ccsc_m_eamphur_841,อ.โพนพิสัย,res_country_state_121
nstda_ccsc_m_eamphur_842,อ.ท่าบ่อ,res_country_state_121
nstda_ccsc_m_eamphur_843,อ.รัตนวาปี,res_country_state_121
nstda_ccsc_m_eamphur_844,อ.ศรีเชียงใหม่,res_country_state_121
nstda_ccsc_m_eamphur_845,อ.สระใคร,res_country_state_121
nstda_ccsc_m_eamphur_846,อ.สังคม,res_country_state_121
nstda_ccsc_m_eamphur_847,อ.เมืองหนองบัวลำภู,res_country_state_122
nstda_ccsc_m_eamphur_848,อ.โนนสัง,res_country_state_122
nstda_ccsc_m_eamphur_849,อ.นากลาง,res_country_state_122
nstda_ccsc_m_eamphur_850,อ.นาวัง,res_country_state_122
nstda_ccsc_m_eamphur_851,อ.ศรีบุญเรือง,res_country_state_122
nstda_ccsc_m_eamphur_852,อ.สุวรรณคูหา,res_country_state_122
nstda_ccsc_m_eamphur_853,อ.เมืองอ่างทอง,res_country_state_123
nstda_ccsc_m_eamphur_854,อ.แสวงหา,res_country_state_123
nstda_ccsc_m_eamphur_855,อ.โพธิ์ทอง,res_country_state_123
nstda_ccsc_m_eamphur_856,อ.ไชโย,res_country_state_123
nstda_ccsc_m_eamphur_857,อ.ป่าโมก,res_country_state_123
nstda_ccsc_m_eamphur_858,อ.วิเศษชัยชาญ,res_country_state_123
nstda_ccsc_m_eamphur_859,อ.สามโก้,res_country_state_123
nstda_ccsc_m_eamphur_860,อ.เมืองอำนาจเจริญ,res_country_state_124
nstda_ccsc_m_eamphur_861,อ.เสนางคนิคม,res_country_state_124
nstda_ccsc_m_eamphur_862,อ.ชานุมาน,res_country_state_124
nstda_ccsc_m_eamphur_863,อ.ปทุมราชวงศา,res_country_state_124
nstda_ccsc_m_eamphur_864,อ.พนา,res_country_state_124
nstda_ccsc_m_eamphur_865,อ.ลืออำนาจ,res_country_state_124
nstda_ccsc_m_eamphur_866,อ.หัวตะพาน,res_country_state_124
nstda_ccsc_m_eamphur_867,อ.เพ็ญ,res_country_state_125
nstda_ccsc_m_eamphur_868,อ.เมืองอุดรธานี,res_country_state_125
nstda_ccsc_m_eamphur_869,อ.โนนสะอาด,res_country_state_125
nstda_ccsc_m_eamphur_870,อ.ไชยวาน,res_country_state_125
nstda_ccsc_m_eamphur_871,อ.กุดจับ,res_country_state_125
nstda_ccsc_m_eamphur_872,อ.กุมภวาปี,res_country_state_125
nstda_ccsc_m_eamphur_873,อ.กู่แก้ว,res_country_state_125
nstda_ccsc_m_eamphur_874,อ.ทุ่งฝน,res_country_state_125
nstda_ccsc_m_eamphur_875,อ.นายูง,res_country_state_125
nstda_ccsc_m_eamphur_876,อ.น้ำโสม,res_country_state_125
nstda_ccsc_m_eamphur_877,อ.บ้านดุง,res_country_state_125
nstda_ccsc_m_eamphur_878,อ.บ้านผือ,res_country_state_125
nstda_ccsc_m_eamphur_879,อ.ประจักษ์ศิลปาคม,res_country_state_125
nstda_ccsc_m_eamphur_880,อ.พิบูลย์รักษ์,res_country_state_125
nstda_ccsc_m_eamphur_881,อ.วังสามหมอ,res_country_state_125
nstda_ccsc_m_eamphur_882,อ.ศรีธาตุ,res_country_state_125
nstda_ccsc_m_eamphur_883,อ.สร้างคอม,res_country_state_125
nstda_ccsc_m_eamphur_884,อ.หนองแสง,res_country_state_125
nstda_ccsc_m_eamphur_885,อ.หนองวัวซอ,res_country_state_125
nstda_ccsc_m_eamphur_886,อ.หนองหาน,res_country_state_125
nstda_ccsc_m_eamphur_887,อ.เมืองอุตรดิตถ์,res_country_state_126
nstda_ccsc_m_eamphur_888,อ.ตรอน,res_country_state_126
nstda_ccsc_m_eamphur_889,อ.ทองแสนขัน,res_country_state_126
nstda_ccsc_m_eamphur_890,อ.ท่าปลา,res_country_state_126
nstda_ccsc_m_eamphur_891,อ.น้ำปาด,res_country_state_126
nstda_ccsc_m_eamphur_892,อ.บ้านโคก,res_country_state_126
nstda_ccsc_m_eamphur_893,อ.พิชัย,res_country_state_126
nstda_ccsc_m_eamphur_894,อ.ฟากท่า,res_country_state_126
nstda_ccsc_m_eamphur_895,อ.ลับแล,res_country_state_126
nstda_ccsc_m_eamphur_896,อ.เมืองอุทัยธานี,res_country_state_127
nstda_ccsc_m_eamphur_897,อ.ทัพทัน,res_country_state_127
nstda_ccsc_m_eamphur_898,อ.บ้านไร่,res_country_state_127
nstda_ccsc_m_eamphur_899,อ.ลานสัก,res_country_state_127
nstda_ccsc_m_eamphur_900,อ.สว่างอารมณ์,res_country_state_127
nstda_ccsc_m_eamphur_901,อ.หนองขาหย่าง,res_country_state_127
nstda_ccsc_m_eamphur_902,อ.หนองฉาง,res_country_state_127
nstda_ccsc_m_eamphur_903,อ.ห้วยคต,res_country_state_127
nstda_ccsc_m_eamphur_904,อ.เขมราฐ,res_country_state_128
nstda_ccsc_m_eamphur_905,อ.เขื่องใน,res_country_state_128
nstda_ccsc_m_eamphur_906,อ.เดชอุดม,res_country_state_128
nstda_ccsc_m_eamphur_907,อ.เมืองอุบลราชธานี,res_country_state_128
nstda_ccsc_m_eamphur_908,อ.เหล่าเสือโก้ก,res_country_state_128
nstda_ccsc_m_eamphur_909,อ.โขงเจียม,res_country_state_128
nstda_ccsc_m_eamphur_910,อ.โพธิ์ไทร,res_country_state_128
nstda_ccsc_m_eamphur_911,อ.กุดข้าวปุ้น,res_country_state_128
nstda_ccsc_m_eamphur_912,อ.ดอนมดแดง,res_country_state_128
nstda_ccsc_m_eamphur_913,อ.ตระการพืชผล,res_country_state_128
nstda_ccsc_m_eamphur_914,อ.ตาลสุม,res_country_state_128
nstda_ccsc_m_eamphur_915,อ.ทุ่งศรีอุดม,res_country_state_128
nstda_ccsc_m_eamphur_916,อ.นาเยีย,res_country_state_128
nstda_ccsc_m_eamphur_917,อ.นาจะหลวย,res_country_state_128
nstda_ccsc_m_eamphur_918,อ.นาตาล,res_country_state_128
nstda_ccsc_m_eamphur_919,อ.น้ำขุ่น,res_country_state_128
nstda_ccsc_m_eamphur_920,อ.น้ำยืน,res_country_state_128
nstda_ccsc_m_eamphur_921,อ.บุณฑริก,res_country_state_128
nstda_ccsc_m_eamphur_922,อ.พิบูลมังสาหาร,res_country_state_128
nstda_ccsc_m_eamphur_923,อ.ม่วงสามสิบ,res_country_state_128
nstda_ccsc_m_eamphur_924,อ.วารินชำราบ,res_country_state_128
nstda_ccsc_m_eamphur_925,อ.ศรีเมืองใหม่,res_country_state_128
nstda_ccsc_m_eamphur_926,อ.สว่างวีระวงศ์,res_country_state_128
nstda_ccsc_m_eamphur_927,อ.สำโรง,res_country_state_128
nstda_ccsc_m_eamphur_928,อ.สิรินธร,res_country_state_128
