id,name,shortcut
title_001,นาย,นาย
title_002,นาง,นาง
title_003,นางสาว,น.ส.
title_004,พลเอก,พล.อ.
title_005,พลโท,พล.ท.
title_006,พลตรี,พล.ต.
title_007,พันเอก,พ.อ.
title_008,พันโท,พ.ท.
title_009,พันตรี,พ.ต.
title_010,ร้อยเอก,ร.อ.
title_011,ร้อยโท,ร.ท.
title_012,ร้อยตรี,ร.ต.
title_013,จ่าสิบเอก,จ.ส.อ.
title_014,จ่าสิบโท,จ.ส.ท.
title_015,จ่าสิบตรี,จ.ส.ต.
title_016,สิบเอก,ส.อ.
title_017,สิบโท,ส.ท.
title_018,สิบตรี,ส.ต.
title_019,พลเรือเอก,พล.ร.อ.
title_020,พลเรือโท,พล.ร.ท.
title_021,พลเรือตรี,พล.ร.ต.
title_022,นาวาเอก,"น.อ.,ร.น."
title_023,นาวาโท,"น.ท.,ร.น."
title_024,นาวาตรี,"น.ต.,ร.น."
title_025,เรือเอก,"ร.อ.,ร.น."
title_026,เรือโท,"ร.ท.,ร.น."
title_027,เรือตรี,"ร.ต.,ร.น."
title_028,พันจ่าเอก,พ.จ.อ.
title_029,พันจ่าโท,พ.จ.ท.
title_030,พันจ่าตรี,พ.จ.ต.
title_031,จ่าเอก,จ.อ.
title_032,จ่าโท,จ.ท.
title_033,จ่าตรี,จ.ต.
title_034,พลอากาศเอก,พล.อ.อ.
title_035,พลอากาศโท,พล.อ.ท.
title_036,พลอากาศตรี,พล.อ.ต.
title_037,นาวาอากาศเอก,น.อ.
title_038,นาวาอากาศโท,น.ท.
title_039,นาวาอากาศตรี,น.ต.
title_040,เรืออากาศเอก,ร.อ.
title_041,เรืออากาศโท,ร.ท.
title_042,เรืออากาศตรี,ร.ต.
title_043,พันจ่าอากาศเอก,พ.อ.อ.
title_044,พันจ่าอากาศโท,พ.อ.ท.
title_045,พันจ่าอากาศตรี,พ.อ.ต.
title_046,จ่าอากาศเอก,จ.อ.
title_047,จ่าอากาศโท,จ.ท.
title_048,จ่าอากาศตรี,จ.ต.
title_049,พลทหาร,พลฯ
title_050,พลตำรวจเอก,พล.ต.อ.
title_051,พลตำรวจโท,พล.ต.ท.
title_052,พลตำรวจตรี,พล.ต.ต.
title_053,พันตำรวจเอก,พ.ต.อ.
title_054,พันตำรวจโท,พ.ต.ท.
title_055,พันตำรวจตรี,พ.ต.ต.
title_056,ร้อยตำรวจเอก,ร.ต.อ.
title_057,ร้อยตำรวจโท,ร.ต.ท.
title_058,ร้อยตำรวจตรี,ร.ต.ต.
title_059,นายดาบตำรวจ,ด.ต.
title_060,จ่าสิบตำรวจ,จ.ส.ต.
title_061,สิบตำรวจเอก,ส.ต.อ.
title_062,สิบตำรวจโท,ส.ต.ท.
title_063,สิบตำรวจตรี,ส.ต.ต.
title_064,พลตำรวจ,พลฯ
title_065,หม่อมเจ้า,ม.จ.
title_066,หม่อมราชวงศ์,ม.ร.ว.
title_067,หม่อมหลวง,ม.ล.
title_068,หม่อม,หม่อม
title_069,คุณหญิง,คุณหญิง
title_070,ท่านผู้หญิง,ท่านผู้หญิง
